{"cameraMode":{"drawMode":0,"name":"Shaded","section":"Shading Mode"},"sceneLighting":false,"audioPlay":false,"sceneViewState":{"showFog":true,"showMaterialUpdate":false,"showSkybox":false,"showFlares":true,"showImageEffects":true,"showParticleSystems":true,"showVisualEffectGraphs":true,"m_FxEnabled":true},"in2DMode":false,"pivot":{"x":-2.4358057975769045,"y":1.6904057264328004,"z":2.5693695545196535},"rotation":{"x":0.07836651802062988,"y":-0.9216769337654114,"z":0.26943862438201907,"w":0.26821669936180117},"size":5.003611087799072,"orthographic":false}