{"cameraMode":{"drawMode":0,"name":"Shaded","section":"Shading Mode"},"sceneLighting":false,"audioPlay":false,"sceneViewState":{"showFog":true,"showMaterialUpdate":false,"showSkybox":false,"showFlares":true,"showImageEffects":true,"showParticleSystems":true,"showVisualEffectGraphs":true,"m_FxEnabled":true},"in2DMode":false,"pivot":{"x":-20.793832778930665,"y":0.8516084551811218,"z":-3.964385509490967},"rotation":{"x":0.006746057886630297,"y":-0.992713212966919,"z":0.06651370972394943,"w":0.10128674656152725},"size":1.4427082538604737,"orthographic":false}