{"cameraMode":{"drawMode":0,"name":"Shaded","section":"Shading Mode"},"sceneLighting":false,"audioPlay":false,"sceneViewState":{"showFog":true,"showMaterialUpdate":false,"showSkybox":true,"showFlares":true,"showImageEffects":true,"showParticleSystems":true,"showVisualEffectGraphs":true,"m_FxEnabled":true},"in2DMode":false,"pivot":{"x":1.4608237743377686,"y":-1.014312744140625,"z":-16.193256378173829},"rotation":{"x":0.016763493418693544,"y":-0.9424774050712586,"z":0.3307443857192993,"w":0.04813247174024582},"size":29.460222244262697,"orthographic":false}