{"cameraMode":{"drawMode":0,"name":"Shaded","section":"Shading Mode"},"sceneLighting":false,"audioPlay":false,"sceneViewState":{"showFog":true,"showMaterialUpdate":false,"showSkybox":true,"showFlares":true,"showImageEffects":true,"showParticleSystems":true,"showVisualEffectGraphs":true,"m_FxEnabled":true},"in2DMode":false,"pivot":{"x":0.10430040955543518,"y":-13.934998512268067,"z":-23.378101348876954},"rotation":{"x":-0.02833973430097103,"y":-0.9366337656974793,"z":0.3407234847545624,"w":-0.07773186266422272},"size":20.077125549316408,"orthographic":false}