{"cameraMode":{"drawMode":0,"name":"Shaded","section":"Shading Mode"},"sceneLighting":true,"audioPlay":false,"sceneViewState":{"showFog":true,"showMaterialUpdate":false,"showSkybox":true,"showFlares":true,"showImageEffects":true,"showParticleSystems":true,"showVisualEffectGraphs":true,"m_FxEnabled":true},"in2DMode":false,"pivot":{"x":-13.650765419006348,"y":-0.6789722442626953,"z":-13.709649085998536},"rotation":{"x":-0.018234798684716226,"y":0.8812954425811768,"z":-0.4709901809692383,"w":-0.03412320837378502},"size":16.198436737060548,"orthographic":false}