{"cameraMode":{"drawMode":0,"name":"Shaded","section":"Shading Mode"},"sceneLighting":true,"audioPlay":false,"sceneViewState":{"showFog":true,"showMaterialUpdate":false,"showSkybox":true,"showFlares":true,"showImageEffects":true,"showParticleSystems":true,"showVisualEffectGraphs":true,"m_FxEnabled":true},"in2DMode":false,"pivot":{"x":-30.636507034301759,"y":7.309051513671875,"z":1.5710798501968384},"rotation":{"x":0.09033212065696717,"y":0.8953450918197632,"z":-0.38098588585853579,"w":0.21228604018688203},"size":1.3489654064178467,"orthographic":false}