{"cameraMode":{"drawMode":0,"name":"Shaded","section":"Shading Mode"},"sceneLighting":true,"audioPlay":false,"sceneViewState":{"showFog":true,"showMaterialUpdate":false,"showSkybox":true,"showFlares":true,"showImageEffects":true,"showParticleSystems":true,"showVisualEffectGraphs":true,"m_FxEnabled":true},"in2DMode":false,"pivot":{"x":-20.3375186920166,"y":0.33662986755371096,"z":-34.97328186035156},"rotation":{"x":-0.004716650117188692,"y":0.9792629480361939,"z":-0.20137229561805726,"w":-0.022918350994586946},"size":22.26216697692871,"orthographic":false}