{"cameraMode":{"drawMode":0,"name":"Shaded","section":"Shading Mode"},"sceneLighting":false,"audioPlay":false,"sceneViewState":{"showFog":true,"showMaterialUpdate":false,"showSkybox":false,"showFlares":true,"showImageEffects":true,"showParticleSystems":true,"showVisualEffectGraphs":true,"m_FxEnabled":true},"in2DMode":false,"pivot":{"x":-0.0008822083473205566,"y":0.5199999809265137,"z":-2.384185791015625e-7},"rotation":{"x":-0.023719053715467454,"y":-0.9693983793258667,"z":0.2218683660030365,"w":-0.10364639759063721},"size":1.2248255014419556,"orthographic":false}